Entity,Code,Year,Urban population living in slums
Afghanistan,AFG,2006,3251804
Afghanistan,AFG,2008,3557929
Afghanistan,AFG,2010,4080583
Afghanistan,AFG,2012,4797309
Afghanistan,AFG,2014,5528265
Afghanistan,AFG,2016,6171879
Afghanistan,AFG,2018,6732937
Afghanistan,AFG,2020,7234482
Afghanistan,AFG,2022,7376936
Albania,ALB,2000,361213
Albania,ALB,2002,335726
Albania,ALB,2004,313139
Albania,ALB,2006,288762
Albania,ALB,2008,260540
Albania,ALB,2010,232743
Albania,ALB,2012,198774
Albania,ALB,2014,156370
Albania,ALB,2016,116582
Albania,ALB,2018,77919
Albania,ALB,2020,40454
Albania,ALB,2022,38303
Algeria,DZA,2006,6670888
Algeria,DZA,2008,7067028
Algeria,DZA,2010,7481570
Algeria,DZA,2012,7432002
Algeria,DZA,2014,6811346
Algeria,DZA,2016,6090047
Algeria,DZA,2018,5247856
Algeria,DZA,2020,4267962
Algeria,DZA,2022,4468530
Andorra,AND,2000,0
Andorra,AND,2002,0
Andorra,AND,2004,0
Andorra,AND,2006,0
Andorra,AND,2008,0
Andorra,AND,2010,0
Andorra,AND,2012,0
Andorra,AND,2014,0
Andorra,AND,2016,0
Andorra,AND,2018,0
Andorra,AND,2020,0
Andorra,AND,2022,0
Angola,AGO,2000,1611372
Angola,AGO,2002,1805520
Angola,AGO,2004,2012932
Angola,AGO,2006,2937047
Angola,AGO,2008,4035727
Angola,AGO,2010,5330517
Angola,AGO,2012,6843149
Angola,AGO,2014,8572217
Angola,AGO,2016,10592466
Angola,AGO,2018,12901986
Angola,AGO,2020,14125735
Angola,AGO,2022,15428093
Antigua and Barbuda,ATG,2010,587
Antigua and Barbuda,ATG,2012,588
Antigua and Barbuda,ATG,2014,589
Antigua and Barbuda,ATG,2016,593
Antigua and Barbuda,ATG,2018,596
Antigua and Barbuda,ATG,2020,599
Antigua and Barbuda,ATG,2022,602
Argentina,ARG,2000,6734053
Argentina,ARG,2002,6664207
Argentina,ARG,2004,6577425
Argentina,ARG,2006,6481545
Argentina,ARG,2008,6372374
Argentina,ARG,2010,6260504
Argentina,ARG,2012,6128679
Argentina,ARG,2014,5977087
Argentina,ARG,2016,5829928
Argentina,ARG,2018,5941939
Argentina,ARG,2020,6024932
Argentina,ARG,2022,6064844
Armenia,ARM,2000,267744
Armenia,ARM,2002,254943
Armenia,ARM,2004,241610
Armenia,ARM,2006,228416
Armenia,ARM,2008,215453
Armenia,ARM,2010,202745
Armenia,ARM,2012,191843
Armenia,ARM,2014,181955
Armenia,ARM,2016,171706
Armenia,ARM,2018,161632
Armenia,ARM,2020,162029
Armenia,ARM,2022,163418
Aruba,ABW,2000,0
Aruba,ABW,2002,0
Aruba,ABW,2004,0
Aruba,ABW,2006,0
Aruba,ABW,2008,0
Aruba,ABW,2010,0
Aruba,ABW,2012,0
Aruba,ABW,2014,0
Aruba,ABW,2016,0
Aruba,ABW,2018,0
Aruba,ABW,2020,0
Aruba,ABW,2022,0
Australia,AUS,2000,26722
Australia,AUS,2002,27433
Australia,AUS,2004,24717
Australia,AUS,2006,21921
Australia,AUS,2008,19194
Australia,AUS,2010,16146
Australia,AUS,2012,12774
Australia,AUS,2014,9161
Australia,AUS,2016,7368
Australia,AUS,2018,7621
Australia,AUS,2020,7835
Australia,AUS,2022,7953
Austria,AUT,2000,240716
Austria,AUT,2002,237860
Austria,AUT,2004,240751
Austria,AUT,2006,243762
Austria,AUT,2022,2909
Azerbaijan,AZE,2000,2096393
Azerbaijan,AZE,2002,1880697
Azerbaijan,AZE,2004,1690837
Azerbaijan,AZE,2006,1471133
Azerbaijan,AZE,2008,1252131
Azerbaijan,AZE,2010,1299100
Azerbaijan,AZE,2012,1346829
Bahrain,BHR,2018,0
Bangladesh,BGD,2000,18291125
Bangladesh,BGD,2002,19319127
Bangladesh,BGD,2004,20379406
Bangladesh,BGD,2006,21417719
Bangladesh,BGD,2008,22386634
Bangladesh,BGD,2010,23247239
Bangladesh,BGD,2012,24044426
Bangladesh,BGD,2014,24811711
Bangladesh,BGD,2016,25538571
Bangladesh,BGD,2018,26205890
Bangladesh,BGD,2020,26840644
Bangladesh,BGD,2022,27634489
Belarus,BLR,2009,282
Belarus,BLR,2019,292
Belgium,BEL,2000,0
Belgium,BEL,2002,0
Belgium,BEL,2004,0
Belgium,BEL,2006,0
Belgium,BEL,2008,0
Belgium,BEL,2010,0
Belgium,BEL,2012,0
Belgium,BEL,2014,0
Belgium,BEL,2016,0
Belgium,BEL,2018,0
Belgium,BEL,2020,0
Belgium,BEL,2022,0
Belize,BLZ,2000,18142
Belize,BLZ,2002,19161
Belize,BLZ,2004,20131
Belize,BLZ,2006,21046
Belize,BLZ,2008,21935
Belize,BLZ,2010,22787
Belize,BLZ,2012,23526
Belize,BLZ,2014,24263
Belize,BLZ,2016,25062
Belize,BLZ,2018,25816
Belize,BLZ,2020,26211
Belize,BLZ,2022,26686
Benin,BEN,2000,1986470
Benin,BEN,2002,2139659
Benin,BEN,2004,2311216
Benin,BEN,2006,2506365
Benin,BEN,2008,2711728
Benin,BEN,2010,2937383
Benin,BEN,2012,3183313
Benin,BEN,2014,3452372
Benin,BEN,2016,3746793
Benin,BEN,2018,4060915
Benin,BEN,2020,4390299
Benin,BEN,2022,4488563
Bermuda,BMU,2000,8
Bermuda,BMU,2002,14
Bermuda,BMU,2004,20
Bermuda,BMU,2006,63
Bermuda,BMU,2008,63
Bermuda,BMU,2010,64
Bermuda,BMU,2012,64
Bermuda,BMU,2014,64
Bermuda,BMU,2016,63
Bermuda,BMU,2018,64
Bermuda,BMU,2020,64
Bermuda,BMU,2022,50
Bhutan,BTN,2000,94860
Bhutan,BTN,2002,102708
Bhutan,BTN,2004,110302
Bhutan,BTN,2006,117040
Bhutan,BTN,2008,122501
Bhutan,BTN,2010,127742
Bhutan,BTN,2012,132987
Bhutan,BTN,2014,138262
Bhutan,BTN,2016,143396
Bhutan,BTN,2018,148069
Bhutan,BTN,2020,154105
Bhutan,BTN,2022,142864
Bolivia,BOL,2000,3084849
Bolivia,BOL,2002,3113179
Bolivia,BOL,2004,3134697
Bolivia,BOL,2006,3149525
Bolivia,BOL,2008,3156664
Bolivia,BOL,2010,3152758
Bolivia,BOL,2012,3297712
Bolivia,BOL,2014,3441583
Bolivia,BOL,2022,3977510
Bosnia and Herzegovina,BIH,2000,90278
Bosnia and Herzegovina,BIH,2002,92265
Bosnia and Herzegovina,BIH,2004,92582
Bosnia and Herzegovina,BIH,2006,88550
Bosnia and Herzegovina,BIH,2008,83693
Bosnia and Herzegovina,BIH,2010,78450
Bosnia and Herzegovina,BIH,2012,73172
Bosnia and Herzegovina,BIH,2014,67205
Bosnia and Herzegovina,BIH,2016,66716
Bosnia and Herzegovina,BIH,2018,66347
Bosnia and Herzegovina,BIH,2020,5157
Bosnia and Herzegovina,BIH,2022,5115
Botswana,BWA,2000,523798
Botswana,BWA,2002,542996
Botswana,BWA,2004,563386
Botswana,BWA,2006,584989
Botswana,BWA,2008,605289
Botswana,BWA,2010,620663
Botswana,BWA,2012,624061
Botswana,BWA,2014,619780
Botswana,BWA,2016,612380
Botswana,BWA,2018,602171
Botswana,BWA,2020,622555
Botswana,BWA,2022,643381
Brazil,BRA,2000,49057126
Brazil,BRA,2002,46005710
Brazil,BRA,2004,42480514
Brazil,BRA,2006,38573026
Brazil,BRA,2008,34318013
Brazil,BRA,2010,29741249
Brazil,BRA,2012,24899412
Brazil,BRA,2014,25464955
Brazil,BRA,2016,26019773
Brazil,BRA,2022,27366230
British Virgin Islands,VGB,2000,294
British Virgin Islands,VGB,2002,288
British Virgin Islands,VGB,2004,284
British Virgin Islands,VGB,2006,279
British Virgin Islands,VGB,2008,271
British Virgin Islands,VGB,2010,255
British Virgin Islands,VGB,2012,236
British Virgin Islands,VGB,2014,264
British Virgin Islands,VGB,2016,279
British Virgin Islands,VGB,2018,24
British Virgin Islands,VGB,2020,27
British Virgin Islands,VGB,2022,28
Brunei,BRN,2000,86977
Brunei,BRN,2002,87762
Brunei,BRN,2004,88001
Brunei,BRN,2006,87338
Brunei,BRN,2008,86374
Brunei,BRN,2010,84943
Brunei,BRN,2012,82552
Brunei,BRN,2014,79137
Brunei,BRN,2016,75364
Brunei,BRN,2018,73491
Brunei,BRN,2020,72688
Brunei,BRN,2022,73540
Bulgaria,BGR,2000,2789
Bulgaria,BGR,2002,5446
Bulgaria,BGR,2004,5396
Bulgaria,BGR,2006,5359
Bulgaria,BGR,2008,7969
Bulgaria,BGR,2010,7933
Bulgaria,BGR,2012,7975
Bulgaria,BGR,2014,10339
Bulgaria,BGR,2016,10090
Bulgaria,BGR,2018,9878
Bulgaria,BGR,2020,12008
Bulgaria,BGR,2022,9340
Burkina Faso,BFA,2000,1764785
Burkina Faso,BFA,2002,1917142
Burkina Faso,BFA,2004,2047728
Burkina Faso,BFA,2006,2123725
Burkina Faso,BFA,2008,2136994
Burkina Faso,BFA,2010,2121386
Burkina Faso,BFA,2012,2078903
Burkina Faso,BFA,2014,2001069
Burkina Faso,BFA,2016,1881318
Burkina Faso,BFA,2018,1712113
Burkina Faso,BFA,2020,1503094
Burkina Faso,BFA,2022,5396178
Burundi,BDI,2000,414799
Burundi,BDI,2002,459640
Burundi,BDI,2004,502325
Burundi,BDI,2006,533622
Burundi,BDI,2008,570081
Burundi,BDI,2010,627804
Burundi,BDI,2012,684421
Burundi,BDI,2014,747751
Burundi,BDI,2016,787606
Burundi,BDI,2018,828425
Burundi,BDI,2020,925410
Burundi,BDI,2022,1092738
Cambodia,KHM,2000,1968219
Cambodia,KHM,2002,1914464
Cambodia,KHM,2004,1850326
Cambodia,KHM,2006,1780870
Cambodia,KHM,2008,1721072
Cambodia,KHM,2010,1733670
Cambodia,KHM,2012,1824789
Cambodia,KHM,2014,1944513
Cambodia,KHM,2016,2043944
Cambodia,KHM,2018,2431943
Cambodia,KHM,2020,2644894
Cambodia,KHM,2022,2935695
Cameroon,CMR,2000,4507713
Cameroon,CMR,2002,4614694
Cameroon,CMR,2004,4708020
Cameroon,CMR,2006,4797597
Cameroon,CMR,2008,4864243
Cameroon,CMR,2010,4902422
Cameroon,CMR,2012,4911279
Cameroon,CMR,2014,4900928
Cameroon,CMR,2016,4872402
Cameroon,CMR,2018,4781824
Cameroon,CMR,2020,4646173
Cameroon,CMR,2022,4951552
Canada,CAN,2000,60320
Canada,CAN,2002,62012
Canada,CAN,2004,63632
Canada,CAN,2006,78385
Canada,CAN,2008,120682
Canada,CAN,2010,137744
Canada,CAN,2012,154937
Canada,CAN,2014,187047
Canada,CAN,2016,205512
Canada,CAN,2018,241862
Canada,CAN,2020,249319
Canada,CAN,2022,351364
Cape Verde,CPV,2000,173261
Cape Verde,CPV,2002,178117
Cape Verde,CPV,2004,181273
Cape Verde,CPV,2006,183344
Cape Verde,CPV,2008,185019
Cape Verde,CPV,2010,185725
Cape Verde,CPV,2012,184204
Cape Verde,CPV,2014,181852
Cape Verde,CPV,2016,179252
Cape Verde,CPV,2018,177823
Cape Verde,CPV,2020,175088
Cape Verde,CPV,2022,180996
Cayman Islands,CYM,2002,1764
Cayman Islands,CYM,2004,1882
Cayman Islands,CYM,2006,2002
Cayman Islands,CYM,2008,2123
Cayman Islands,CYM,2010,2245
Cayman Islands,CYM,2012,2371
Cayman Islands,CYM,2014,2497
Cayman Islands,CYM,2016,2619
Cayman Islands,CYM,2022,3923
Central African Republic,CAF,2000,1242416
Central African Republic,CAF,2002,1259297
Central African Republic,CAF,2004,1277842
Central African Republic,CAF,2006,1292742
Central African Republic,CAF,2008,1304147
Central African Republic,CAF,2010,1245236
Central African Republic,CAF,2012,1240175
Central African Republic,CAF,2014,1262369
Central African Republic,CAF,2016,1311704
Central African Republic,CAF,2018,1387931
Central African Republic,CAF,2020,1465450
Central African Republic,CAF,2022,1520351
Chad,TCD,2000,1687984
Chad,TCD,2002,1789486
Chad,TCD,2004,1926291
Chad,TCD,2006,2055137
Chad,TCD,2008,2176021
Chad,TCD,2010,2311948
Chad,TCD,2012,2477126
Chad,TCD,2014,2675350
Chad,TCD,2016,2884257
Chad,TCD,2018,3159549
Chad,TCD,2020,3493516
Chad,TCD,2022,3898892
Chile,CHL,2000,1954913
Chile,CHL,2002,1506705
Chile,CHL,2004,1028279
Chile,CHL,2006,1046239
Chile,CHL,2008,1067927
Chile,CHL,2022,1269375
China,CHN,2022,242412204
Colombia,COL,2000,6154646
Colombia,COL,2002,6013398
Colombia,COL,2004,5822420
Colombia,COL,2006,5574094
Colombia,COL,2008,5286021
Colombia,COL,2010,4965825
Colombia,COL,2012,4611466
Colombia,COL,2014,4224439
Colombia,COL,2016,3816632
Colombia,COL,2018,3674975
Colombia,COL,2020,3812900
Colombia,COL,2022,3916824
Comoros,COM,2000,96933
Comoros,COM,2002,101709
Comoros,COM,2004,106637
Comoros,COM,2006,112674
Comoros,COM,2008,119580
Comoros,COM,2010,127453
Comoros,COM,2012,136354
Comoros,COM,2014,146656
Comoros,COM,2016,156368
Comoros,COM,2018,166242
Comoros,COM,2020,176442
Comoros,COM,2022,132604
Congo,COG,2000,1629655
Congo,COG,2002,1764468
Congo,COG,2004,1839599
Congo,COG,2006,1855345
Congo,COG,2008,1843104
Congo,COG,2010,1837375
Congo,COG,2012,1776842
Congo,COG,2014,1678300
Congo,COG,2016,1562459
Congo,COG,2018,1537006
Congo,COG,2020,1615971
Congo,COG,2022,2893803
Costa Rica,CRI,2000,295191
Costa Rica,CRI,2002,294233
Costa Rica,CRI,2004,290527
Costa Rica,CRI,2006,284540
Costa Rica,CRI,2008,275994
Costa Rica,CRI,2010,264567
Costa Rica,CRI,2012,246643
Costa Rica,CRI,2014,223378
Costa Rica,CRI,2016,197648
Costa Rica,CRI,2018,169305
Costa Rica,CRI,2020,138378
Costa Rica,CRI,2022,141339
Cote d'Ivoire,CIV,2000,5114884
Cote d'Ivoire,CIV,2002,5362021
Cote d'Ivoire,CIV,2004,5601233
Cote d'Ivoire,CIV,2006,5839209
Cote d'Ivoire,CIV,2008,6075887
Cote d'Ivoire,CIV,2010,6307106
Cote d'Ivoire,CIV,2012,6531257
Cote d'Ivoire,CIV,2014,6767813
Cote d'Ivoire,CIV,2016,7104828
Cote d'Ivoire,CIV,2018,7434367
Cote d'Ivoire,CIV,2020,7975528
Cote d'Ivoire,CIV,2022,7752465
Croatia,HRV,2000,9952
Croatia,HRV,2002,9581
Croatia,HRV,2004,9572
Croatia,HRV,2006,8370
Croatia,HRV,2008,8349
Croatia,HRV,2010,8311
Croatia,HRV,2012,7068
Croatia,HRV,2014,6991
Croatia,HRV,2016,5722
Croatia,HRV,2018,5594
Croatia,HRV,2020,5532
Croatia,HRV,2022,11584
Cuba,CUB,2000,180964
Cuba,CUB,2002,182597
Cuba,CUB,2004,183759
Cuba,CUB,2006,274892
Cuba,CUB,2008,366546
Cuba,CUB,2010,458654
Cuba,CUB,2012,550888
Cuba,CUB,2014,641450
Cuba,CUB,2016,731717
Cuba,CUB,2018,820867
Cuba,CUB,2020,908497
Cuba,CUB,2022,941549
Cyprus,CYP,2000,1303
Cyprus,CYP,2002,1350
Cyprus,CYP,2004,1396
Cyprus,CYP,2006,1799
Cyprus,CYP,2008,1851
Cyprus,CYP,2010,1904
Cyprus,CYP,2012,1961
Cyprus,CYP,2014,2017
Cyprus,CYP,2016,2485
Cyprus,CYP,2018,2548
Cyprus,CYP,2020,2607
Cyprus,CYP,2022,2417
Czechia,CZE,2000,3795
Czechia,CZE,2002,3764
Czechia,CZE,2004,3758
Czechia,CZE,2006,3767
Czechia,CZE,2008,3815
Czechia,CZE,2010,3841
Czechia,CZE,2012,3848
Czechia,CZE,2014,3847
Czechia,CZE,2016,3855
Czechia,CZE,2018,3872
Czechia,CZE,2020,3890
Czechia,CZE,2022,2122
Democratic Republic of Congo,COD,2002,13891213
Democratic Republic of Congo,COD,2004,15166112
Democratic Republic of Congo,COD,2006,16584195
Democratic Republic of Congo,COD,2008,18217431
Democratic Republic of Congo,COD,2010,20044495
Democratic Republic of Congo,COD,2012,22114342
Democratic Republic of Congo,COD,2014,24423537
Democratic Republic of Congo,COD,2016,26969525
Democratic Republic of Congo,COD,2018,29809423
Democratic Republic of Congo,COD,2020,32534771
Democratic Republic of Congo,COD,2022,35308491
Denmark,DNK,2000,0
Denmark,DNK,2002,0
Denmark,DNK,2004,0
Denmark,DNK,2006,0
Denmark,DNK,2008,0
Denmark,DNK,2010,0
Denmark,DNK,2012,0
Denmark,DNK,2014,0
Denmark,DNK,2016,0
Denmark,DNK,2018,0
Denmark,DNK,2020,0
Denmark,DNK,2022,0
Djibouti,DJI,2000,420637
Djibouti,DJI,2002,430923
Djibouti,DJI,2004,428264
Djibouti,DJI,2006,424817
Djibouti,DJI,2008,425320
Djibouti,DJI,2010,426002
Djibouti,DJI,2012,425085
Djibouti,DJI,2014,423150
Djibouti,DJI,2016,419659
Djibouti,DJI,2018,409120
Djibouti,DJI,2020,413285
Djibouti,DJI,2022,401979
Dominican Republic,DOM,2000,1587146
Dominican Republic,DOM,2002,1557111
Dominican Republic,DOM,2004,1525561
Dominican Republic,DOM,2006,1493860
Dominican Republic,DOM,2008,1436571
Dominican Republic,DOM,2010,1335630
Dominican Republic,DOM,2012,1194371
Dominican Republic,DOM,2014,1041798
Dominican Republic,DOM,2016,878921
Dominican Republic,DOM,2018,894593
Dominican Republic,DOM,2020,907241
Dominican Republic,DOM,2022,914909
East Asia and Pacific (WB),WB_EAP,2022,353487663
East Timor,TLS,2004,133972
East Timor,TLS,2006,148592
East Timor,TLS,2008,160606
East Timor,TLS,2010,160749
East Timor,TLS,2012,154597
East Timor,TLS,2014,146668
East Timor,TLS,2016,137081
East Timor,TLS,2018,126515
East Timor,TLS,2020,130193
East Timor,TLS,2022,132773
Ecuador,ECU,2000,4421145
Ecuador,ECU,2002,4657974
Ecuador,ECU,2004,4859742
Ecuador,ECU,2006,5065004
Ecuador,ECU,2022,6499685
Egypt,EGY,2000,13187807
Egypt,EGY,2002,11990286
Egypt,EGY,2004,10646224
Egypt,EGY,2006,9131941
Egypt,EGY,2008,7446084
Egypt,EGY,2010,5616280
Egypt,EGY,2012,3655432
Egypt,EGY,2014,1521493
Egypt,EGY,2016,388949
Egypt,EGY,2018,403796
Egypt,EGY,2020,418272
Egypt,EGY,2022,1843363
El Salvador,SLV,2000,63995
El Salvador,SLV,2002,1729093
El Salvador,SLV,2004,1787624
El Salvador,SLV,2006,1727551
El Salvador,SLV,2008,1553497
El Salvador,SLV,2010,1369298
El Salvador,SLV,2012,1170650
El Salvador,SLV,2014,954794
El Salvador,SLV,2016,719277
El Salvador,SLV,2018,736427
El Salvador,SLV,2020,751553
El Salvador,SLV,2022,767281
Equatorial Guinea,GNQ,2000,144452
Equatorial Guinea,GNQ,2002,187955
Equatorial Guinea,GNQ,2004,216693
Equatorial Guinea,GNQ,2006,257435
Equatorial Guinea,GNQ,2008,311880
Equatorial Guinea,GNQ,2010,382792
Equatorial Guinea,GNQ,2012,468792
Equatorial Guinea,GNQ,2014,572542
Equatorial Guinea,GNQ,2016,662938
Equatorial Guinea,GNQ,2018,730105
Equatorial Guinea,GNQ,2020,784298
Equatorial Guinea,GNQ,2022,827061
Eritrea,ERI,2000,587966
Eritrea,ERI,2002,617967
Eritrea,ERI,2004,656741
Eritrea,ERI,2006,666127
Eritrea,ERI,2008,673730
Eritrea,ERI,2010,680288
Eritrea,ERI,2012,673717
Eritrea,ERI,2014,656676
Eritrea,ERI,2016,630989
Eritrea,ERI,2018,602282
Eritrea,ERI,2020,600285
Eritrea,ERI,2022,578431
Estonia,EST,2000,471
Estonia,EST,2002,465
Estonia,EST,2004,460
Estonia,EST,2006,910
Estonia,EST,2008,905
Estonia,EST,2010,903
Estonia,EST,2012,899
Estonia,EST,2014,897
Estonia,EST,2016,904
Estonia,EST,2018,916
Estonia,EST,2020,929
Estonia,EST,2022,3284
Eswatini,SWZ,2000,131666
Eswatini,SWZ,2002,132350
Eswatini,SWZ,2004,132511
Eswatini,SWZ,2006,115128
Eswatini,SWZ,2008,98603
Eswatini,SWZ,2010,82127
Eswatini,SWZ,2012,65233
Eswatini,SWZ,2014,47705
Eswatini,SWZ,2016,29231
Eswatini,SWZ,2018,30395
Eswatini,SWZ,2020,31797
Eswatini,SWZ,2022,52644
Ethiopia,ETH,2000,9270000
Ethiopia,ETH,2002,9784181
Ethiopia,ETH,2004,10308011
Ethiopia,ETH,2006,10846398
Ethiopia,ETH,2008,11462656
Ethiopia,ETH,2010,12147480
Ethiopia,ETH,2012,12836783
Ethiopia,ETH,2014,13564111
Ethiopia,ETH,2016,14298719
Ethiopia,ETH,2018,15059792
Ethiopia,ETH,2020,16539820
Ethiopia,ETH,2022,18334958
Europe and Central Asia (WB),WB_ECA,2000,29516477
Europe and Central Asia (WB),WB_ECA,2002,28821255
Europe and Central Asia (WB),WB_ECA,2004,27518044
Europe and Central Asia (WB),WB_ECA,2006,25839670
Europe and Central Asia (WB),WB_ECA,2008,24122737
Europe and Central Asia (WB),WB_ECA,2010,22751723
Europe and Central Asia (WB),WB_ECA,2012,21535665
Europe and Central Asia (WB),WB_ECA,2014,18546690
Europe and Central Asia (WB),WB_ECA,2016,18885879
Europe and Central Asia (WB),WB_ECA,2018,19303874
Europe and Central Asia (WB),WB_ECA,2020,19597911
Europe and Central Asia (WB),WB_ECA,2022,19076389
European Union (27),OWID_EU27,2000,2421130
European Union (27),OWID_EU27,2002,2717111
European Union (27),OWID_EU27,2004,2545760
European Union (27),OWID_EU27,2006,2364151
European Union (27),OWID_EU27,2008,1890002
European Union (27),OWID_EU27,2010,1658535
European Union (27),OWID_EU27,2012,1413297
European Union (27),OWID_EU27,2014,1164334
European Union (27),OWID_EU27,2016,2185931
European Union (27),OWID_EU27,2018,1819084
European Union (27),OWID_EU27,2020,1610895
European Union (27),OWID_EU27,2022,1654905
Fiji,FJI,2000,8965
Fiji,FJI,2002,62783
Fiji,FJI,2004,64892
Fiji,FJI,2006,64848
Fiji,FJI,2008,62319
Fiji,FJI,2010,59224
Fiji,FJI,2012,55319
Fiji,FJI,2014,51612
Fiji,FJI,2016,47671
Fiji,FJI,2018,48481
Fiji,FJI,2020,49184
Fiji,FJI,2022,50244
Finland,FIN,2000,0
Finland,FIN,2002,0
Finland,FIN,2004,0
Finland,FIN,2006,0
Finland,FIN,2008,0
Finland,FIN,2010,0
Finland,FIN,2012,0
Finland,FIN,2014,0
Finland,FIN,2016,0
Finland,FIN,2018,0
Finland,FIN,2020,0
Finland,FIN,2022,0
France,FRA,2000,0
France,FRA,2002,0
France,FRA,2004,0
France,FRA,2006,0
France,FRA,2008,0
France,FRA,2010,0
France,FRA,2012,0
France,FRA,2014,0
France,FRA,2016,0
France,FRA,2018,0
France,FRA,2020,0
France,FRA,2022,0
French Polynesia,PYF,2022,2595
Gabon,GAB,2000,582870
Gabon,GAB,2002,606996
Gabon,GAB,2004,631464
Gabon,GAB,2006,657187
Gabon,GAB,2008,684266
Gabon,GAB,2010,712603
Gabon,GAB,2012,741407
Gabon,GAB,2014,768526
Gabon,GAB,2016,824457
Gabon,GAB,2018,877346
Gabon,GAB,2020,930263
Gabon,GAB,2022,859765
Gambia,GMB,2000,389043
Gambia,GMB,2002,419606
Gambia,GMB,2004,445221
Gambia,GMB,2006,469713
Gambia,GMB,2008,493780
Gambia,GMB,2010,516975
Gambia,GMB,2012,539932
Gambia,GMB,2014,562060
Gambia,GMB,2016,581034
Gambia,GMB,2018,596326
Gambia,GMB,2020,608661
Gambia,GMB,2022,618712
Georgia,GEO,2000,291072
Georgia,GEO,2002,283594
Georgia,GEO,2004,273598
Georgia,GEO,2006,257736
Georgia,GEO,2008,243751
Georgia,GEO,2010,228116
Georgia,GEO,2012,212522
Georgia,GEO,2014,198944
Georgia,GEO,2016,185241
Georgia,GEO,2018,170472
Georgia,GEO,2020,155483
Georgia,GEO,2022,157713
Germany,DEU,2000,0
Germany,DEU,2002,0
Germany,DEU,2004,0
Germany,DEU,2006,0
Germany,DEU,2008,0
Germany,DEU,2010,0
Germany,DEU,2012,0
Germany,DEU,2014,0
Germany,DEU,2016,0
Germany,DEU,2018,0
Germany,DEU,2020,0
Germany,DEU,2022,0
Ghana,GHA,2000,5208599
Ghana,GHA,2002,5359035
Ghana,GHA,2004,5485512
Ghana,GHA,2006,5577693
Ghana,GHA,2008,5629748
Ghana,GHA,2010,5630387
Ghana,GHA,2012,5580916
Ghana,GHA,2014,5483078
Ghana,GHA,2016,5324973
Ghana,GHA,2018,5665174
Ghana,GHA,2020,6002994
Ghana,GHA,2022,6355166
Greece,GRC,2000,19630
Greece,GRC,2002,19923
Greece,GRC,2004,20220
Greece,GRC,2006,16468
Greece,GRC,2008,12565
Greece,GRC,2010,8493
Greece,GRC,2012,4245
Guam,GUM,2022,859
Guatemala,GTM,2000,2807239
Guatemala,GTM,2002,2985769
Guatemala,GTM,2004,3092663
Guatemala,GTM,2006,3180366
Guatemala,GTM,2008,3250940
Guatemala,GTM,2010,3297975
Guatemala,GTM,2012,3323929
Guatemala,GTM,2014,3320304
Guatemala,GTM,2016,3282722
Guatemala,GTM,2018,3410591
Guatemala,GTM,2020,3560016
Guatemala,GTM,2022,3708263
Guinea,GIN,2000,1059925
Guinea,GIN,2002,1134377
Guinea,GIN,2004,1231669
Guinea,GIN,2006,1332169
Guinea,GIN,2008,1448583
Guinea,GIN,2010,1575842
Guinea,GIN,2012,1712427
Guinea,GIN,2014,1857682
Guinea,GIN,2016,2018047
Guinea,GIN,2018,2194448
Guinea,GIN,2020,2390488
Guinea,GIN,2022,2300693
Guinea-Bissau,GNB,2008,440132
Guinea-Bissau,GNB,2010,471270
Guinea-Bissau,GNB,2012,507856
Guinea-Bissau,GNB,2014,520469
Guinea-Bissau,GNB,2016,530717
Guinea-Bissau,GNB,2018,537959
Guinea-Bissau,GNB,2020,542397
Guinea-Bissau,GNB,2022,561039
Guyana,GUY,2000,57413
Guyana,GUY,2002,56764
Guyana,GUY,2004,54177
Guyana,GUY,2006,49334
Guyana,GUY,2008,44634
Guyana,GUY,2010,40395
Guyana,GUY,2012,36900
Guyana,GUY,2014,34015
Guyana,GUY,2016,31122
Guyana,GUY,2018,28832
Guyana,GUY,2020,25913
Guyana,GUY,2022,24569
Haiti,HTI,2000,1874626
Haiti,HTI,2002,2063562
Haiti,HTI,2004,2188924
Haiti,HTI,2006,2288550
Haiti,HTI,2008,2387517
Haiti,HTI,2010,2472841
Haiti,HTI,2012,2552878
Haiti,HTI,2014,2638102
Haiti,HTI,2016,2717355
Haiti,HTI,2018,2789629
Haiti,HTI,2020,2893766
Haiti,HTI,2022,3163104
High-income countries,OWID_HIC,2000,14096088
High-income countries,OWID_HIC,2002,13721029
High-income countries,OWID_HIC,2004,12810132
High-income countries,OWID_HIC,2006,17944622
High-income countries,OWID_HIC,2008,11509455
High-income countries,OWID_HIC,2010,14011176
High-income countries,OWID_HIC,2012,8987124
High-income countries,OWID_HIC,2014,10104781
High-income countries,OWID_HIC,2016,11582855
High-income countries,OWID_HIC,2018,11663004
High-income countries,OWID_HIC,2020,10097525
High-income countries,OWID_HIC,2022,12185619
Honduras,HND,2000,1323682
Honduras,HND,2002,1430114
Honduras,HND,2004,1501475
Honduras,HND,2006,1527585
Honduras,HND,2008,1545792
Honduras,HND,2010,1555281
Honduras,HND,2012,1554998
Honduras,HND,2014,1540073
Honduras,HND,2016,1627340
Honduras,HND,2018,1719054
Hungary,HUN,2000,1010485
Hungary,HUN,2002,938217
Hungary,HUN,2004,847778
Hungary,HUN,2006,782929
Hungary,HUN,2008,710921
Hungary,HUN,2010,632729
Hungary,HUN,2012,545283
Hungary,HUN,2014,497759
Hungary,HUN,2016,495218
Iceland,ISL,2000,0
Iceland,ISL,2002,0
Iceland,ISL,2004,0
Iceland,ISL,2006,0
Iceland,ISL,2008,0
Iceland,ISL,2010,0
Iceland,ISL,2012,0
Iceland,ISL,2014,0
Iceland,ISL,2016,0
Iceland,ISL,2018,0
Iceland,ISL,2020,0
Iceland,ISL,2022,0
India,IND,2018,24912470
India,IND,2019,25410019
Indonesia,IDN,2000,31866983
Indonesia,IDN,2002,32546233
Indonesia,IDN,2004,32958691
Indonesia,IDN,2006,33167765
Indonesia,IDN,2008,33181867
Indonesia,IDN,2010,32974486
Indonesia,IDN,2012,32578975
Indonesia,IDN,2014,32002083
Indonesia,IDN,2016,31174988
Indonesia,IDN,2018,30100241
Indonesia,IDN,2020,30021131
Indonesia,IDN,2022,31117374
Iran,IRN,2000,24667996
Iran,IRN,2002,25464479
Iran,IRN,2004,26448953
Iran,IRN,2006,27711085
Iran,IRN,2008,28540114
Iran,IRN,2010,29354642
Iran,IRN,2012,30156490
Iran,IRN,2014,30981885
Iran,IRN,2016,31851750
Iran,IRN,2018,32638093
Iran,IRN,2020,33441351
Iran,IRN,2022,30540021
Iraq,IRQ,2000,5598903
Iraq,IRQ,2002,6257351
Iraq,IRQ,2004,6957893
Iraq,IRQ,2006,7558817
Iraq,IRQ,2008,7993813
Iraq,IRQ,2010,8922344
Iraq,IRQ,2012,10055067
Iraq,IRQ,2014,11383460
Iraq,IRQ,2016,12438949
Iraq,IRQ,2018,13447556
Iraq,IRQ,2020,14518557
Iraq,IRQ,2022,15192120
Ireland,IRL,2000,139488
Ireland,IRL,2002,150073
Ireland,IRL,2004,164168
Ireland,IRL,2006,179198
Ireland,IRL,2008,198339
Ireland,IRL,2010,211675
Ireland,IRL,2012,220477
Ireland,IRL,2014,233019
Ireland,IRL,2016,247947
Ireland,IRL,2018,262641
Ireland,IRL,2020,271898
Ireland,IRL,2022,283100
Italy,ITA,2000,7652
Italy,ITA,2002,7690
Italy,ITA,2004,7808
Italy,ITA,2006,7905
Italy,ITA,2008,8042
Italy,ITA,2010,8161
Italy,ITA,2012,8278
Italy,ITA,2014,8394
Italy,ITA,2016,8368
Italy,ITA,2018,8358
Italy,ITA,2020,8264
Italy,ITA,2022,8201
Jamaica,JAM,2022,14546
Japan,JPN,2022,2301741
Jordan,JOR,2014,998456
Jordan,JOR,2016,2120517
Kazakhstan,KAZ,2000,2124024
Kazakhstan,KAZ,2002,1883514
Kazakhstan,KAZ,2004,1644362
Kazakhstan,KAZ,2006,1411308
Kazakhstan,KAZ,2008,1184517
Kazakhstan,KAZ,2010,961737
Kazakhstan,KAZ,2012,733908
Kazakhstan,KAZ,2014,491882
Kazakhstan,KAZ,2016,227778
Kazakhstan,KAZ,2018,87522
Kazakhstan,KAZ,2020,92765
Kazakhstan,KAZ,2022,97713
Kenya,KEN,2000,3766866
Kenya,KEN,2002,4396300
Kenya,KEN,2004,5301494
Kenya,KEN,2006,6261958
Kenya,KEN,2008,7022165
Kenya,KEN,2010,7351903
Kenya,KEN,2012,7536600
Kenya,KEN,2014,7666093
Kenya,KEN,2016,7742085
Kenya,KEN,2018,8009205
Kenya,KEN,2020,8280092
Kenya,KEN,2022,6905324
Kiribati,KIR,2000,6949
Kiribati,KIR,2002,6742
Kiribati,KIR,2004,6503
Kiribati,KIR,2006,6277
Kiribati,KIR,2008,6273
Kiribati,KIR,2010,6216
Kiribati,KIR,2012,5901
Kiribati,KIR,2014,5434
Kiribati,KIR,2016,4968
Kiribati,KIR,2018,4558
Kiribati,KIR,2020,4125
Kiribati,KIR,2022,4690
Kuwait,KWT,2000,0
Kuwait,KWT,2002,0
Kuwait,KWT,2004,0
Kuwait,KWT,2006,0
Kuwait,KWT,2008,0
Kuwait,KWT,2010,0
Kuwait,KWT,2012,0
Kuwait,KWT,2014,0
Kuwait,KWT,2016,0
Kuwait,KWT,2018,0
Kuwait,KWT,2020,0
Kuwait,KWT,2022,0
Kyrgyzstan,KGZ,2000,815926
Kyrgyzstan,KGZ,2002,752269
Kyrgyzstan,KGZ,2004,688728
Kyrgyzstan,KGZ,2006,621566
Kyrgyzstan,KGZ,2008,549402
Kyrgyzstan,KGZ,2010,478149
Kyrgyzstan,KGZ,2012,404628
Kyrgyzstan,KGZ,2014,329094
Kyrgyzstan,KGZ,2016,246394
Kyrgyzstan,KGZ,2018,155615
Kyrgyzstan,KGZ,2020,57130
Kyrgyzstan,KGZ,2022,59042
Laos,LAO,2000,655447
Laos,LAO,2002,701790
Laos,LAO,2004,728781
Laos,LAO,2006,737332
Laos,LAO,2008,735859
Laos,LAO,2010,724080
Laos,LAO,2012,699414
Laos,LAO,2014,665612
Laos,LAO,2016,630996
Laos,LAO,2018,592225
Laos,LAO,2020,586461
Laos,LAO,2022,1578050
Latin America and Caribbean (WB),WB_LAC,2000,125398813
Latin America and Caribbean (WB),WB_LAC,2002,123455330
Latin America and Caribbean (WB),WB_LAC,2004,119000676
Latin America and Caribbean (WB),WB_LAC,2006,114227661
Latin America and Caribbean (WB),WB_LAC,2008,105020788
Latin America and Caribbean (WB),WB_LAC,2010,100493289
Latin America and Caribbean (WB),WB_LAC,2012,93201327
Latin America and Caribbean (WB),WB_LAC,2014,92309347
Latin America and Caribbean (WB),WB_LAC,2016,88294684
Latin America and Caribbean (WB),WB_LAC,2022,99885029
Latvia,LVA,2000,45918
Latvia,LVA,2002,43188
Latvia,LVA,2004,36891
Latvia,LVA,2006,32372
Latvia,LVA,2008,27327
Latvia,LVA,2010,22763
Latvia,LVA,2012,17939
Latvia,LVA,2014,14208
Latvia,LVA,2016,10649
Latvia,LVA,2018,7865
Latvia,LVA,2020,7768
Latvia,LVA,2022,7608
Lebanon,LBN,2002,3559016
Lebanon,LBN,2004,3680479
Lebanon,LBN,2006,3816795
Lebanon,LBN,2008,2893105
Lebanon,LBN,2010,1864170
Lebanon,LBN,2012,787365
Lebanon,LBN,2014,252535
Lebanon,LBN,2016,252772
Lebanon,LBN,2018,240399
Lebanon,LBN,2020,230253
Lebanon,LBN,2022,234791
Lesotho,LSO,2000,242945
Lesotho,LSO,2002,256405
Lesotho,LSO,2004,251787
Lesotho,LSO,2006,247191
Lesotho,LSO,2008,249415
Lesotho,LSO,2010,252736
Lesotho,LSO,2012,255905
Lesotho,LSO,2014,257625
Lesotho,LSO,2016,255792
Lesotho,LSO,2018,243513
Lesotho,LSO,2020,226423
Lesotho,LSO,2022,243428
Liberia,LBR,2002,1041165
Liberia,LBR,2004,1082740
Liberia,LBR,2006,1203878
Liberia,LBR,2008,1310589
Liberia,LBR,2010,1387822
Liberia,LBR,2012,1489043
Liberia,LBR,2014,1546192
Liberia,LBR,2016,1601126
Liberia,LBR,2018,1652897
Liberia,LBR,2020,1756315
Liberia,LBR,2022,1769702
Libya,LBY,2000,1805673
Libya,LBY,2002,2184675
Libya,LBY,2004,2100718
Libya,LBY,2006,1854100
Libya,LBY,2008,1703001
Libya,LBY,2010,1595886
Libya,LBY,2012,1322469
Libya,LBY,2014,1145719
Libya,LBY,2016,1003990
Libya,LBY,2018,985351
Libya,LBY,2020,1465327
Libya,LBY,2022,1052266
Lithuania,LTU,2000,97271
Lithuania,LTU,2002,85212
Lithuania,LTU,2004,74224
Lithuania,LTU,2006,62102
Lithuania,LTU,2008,51238
Lithuania,LTU,2010,41362
Lithuania,LTU,2012,30974
Lithuania,LTU,2014,21696
Lithuania,LTU,2016,12566
Lithuania,LTU,2018,4732
Lithuania,LTU,2020,4737
Lithuania,LTU,2022,9835
Low-income countries,OWID_LIC,2000,58698956
Low-income countries,OWID_LIC,2002,74059987
Low-income countries,OWID_LIC,2004,77950935
Low-income countries,OWID_LIC,2006,81683809
Low-income countries,OWID_LIC,2008,85507894
Low-income countries,OWID_LIC,2010,89685148
Low-income countries,OWID_LIC,2012,94563930
Low-income countries,OWID_LIC,2014,99643231
Low-income countries,OWID_LIC,2016,104645097
Low-income countries,OWID_LIC,2018,111375414
Low-income countries,OWID_LIC,2020,118508252
Low-income countries,OWID_LIC,2022,129953932
Lower-middle-income countries,OWID_LMC,2018,286878722
Luxembourg,LUX,2000,0
Luxembourg,LUX,2002,0
Luxembourg,LUX,2004,4
Luxembourg,LUX,2006,14
Luxembourg,LUX,2008,26
Luxembourg,LUX,2010,38
Luxembourg,LUX,2012,52
Luxembourg,LUX,2014,68
Luxembourg,LUX,2016,86
Luxembourg,LUX,2018,98
Luxembourg,LUX,2020,103
Luxembourg,LUX,2022,107
Madagascar,MDG,2000,3776903
Madagascar,MDG,2002,4000692
Madagascar,MDG,2004,4221179
Madagascar,MDG,2006,4447170
Madagascar,MDG,2008,4677396
Madagascar,MDG,2010,4909775
Madagascar,MDG,2012,5132305
Madagascar,MDG,2014,5344253
Madagascar,MDG,2016,5546480
Madagascar,MDG,2018,5743503
Madagascar,MDG,2020,5993178
Madagascar,MDG,2022,6308745
Malawi,MWI,2000,1352108
Malawi,MWI,2002,1376348
Malawi,MWI,2004,1397696
Malawi,MWI,2006,1419468
Malawi,MWI,2008,1442547
Malawi,MWI,2010,1465011
Malawi,MWI,2012,1480819
Malawi,MWI,2014,1488817
Malawi,MWI,2016,1487891
Malawi,MWI,2018,1477902
Malawi,MWI,2020,1584776
Malawi,MWI,2022,1305542
Malaysia,MYS,2020,50869
Maldives,MDV,2004,41131
Maldives,MDV,2006,45453
Maldives,MDV,2008,49500
Maldives,MDV,2010,52875
Maldives,MDV,2012,56170
Maldives,MDV,2014,59450
Maldives,MDV,2016,63064
Maldives,MDV,2018,66480
Maldives,MDV,2020,70682
Maldives,MDV,2022,74993
Mali,MLI,2000,1839976
Mali,MLI,2002,1926860
Mali,MLI,2004,2023323
Mali,MLI,2006,2124307
Mali,MLI,2008,2224745
Mali,MLI,2010,2320520
Mali,MLI,2012,2405214
Mali,MLI,2014,2481948
Mali,MLI,2016,2553903
Mali,MLI,2018,2611713
Mali,MLI,2020,2642139
Mali,MLI,2022,6488149
Malta,MLT,2000,136
Malta,MLT,2002,139
Malta,MLT,2004,141
Malta,MLT,2006,143
Malta,MLT,2008,144
Malta,MLT,2010,146
Malta,MLT,2012,149
Malta,MLT,2014,153
Malta,MLT,2016,161
Malta,MLT,2018,172
Malta,MLT,2020,184
Malta,MLT,2022,190
Marshall Islands,MHL,2002,781
Marshall Islands,MHL,2004,798
Marshall Islands,MHL,2006,740
Marshall Islands,MHL,2008,621
Marshall Islands,MHL,2010,516
Marshall Islands,MHL,2012,382
Marshall Islands,MHL,2014,280
Marshall Islands,MHL,2016,163
Marshall Islands,MHL,2018,35
Marshall Islands,MHL,2020,733
Marshall Islands,MHL,2022,742
Mauritania,MRT,2000,842325
Mauritania,MRT,2002,854939
Mauritania,MRT,2004,884688
Mauritania,MRT,2006,929709
Mauritania,MRT,2008,987518
Mauritania,MRT,2010,1056680
Mauritania,MRT,2012,1125671
Mauritania,MRT,2014,1185926
Mauritania,MRT,2016,1247397
Mauritania,MRT,2018,1339177
Mauritania,MRT,2020,1467941
Mauritania,MRT,2022,1679192
Mauritius,MUS,2000,383103
Mauritius,MUS,2002,375536
Mauritius,MUS,2004,365110
Mauritius,MUS,2006,353282
Mauritius,MUS,2008,340608
Mauritius,MUS,2010,326671
Mauritius,MUS,2012,312601
Mauritius,MUS,2014,298730
Mauritius,MUS,2016,284163
Mauritius,MUS,2018,265773
Mauritius,MUS,2020,257499
Mauritius,MUS,2022,239722
Mexico,MEX,2000,23765402
Mexico,MEX,2002,23401103
Mexico,MEX,2004,22894759
Mexico,MEX,2006,22167375
Mexico,MEX,2008,21367282
Mexico,MEX,2010,20509570
Mexico,MEX,2012,19587263
Mexico,MEX,2014,18585956
Mexico,MEX,2016,17460020
Mexico,MEX,2018,17107426
Mexico,MEX,2020,17558272
Mexico,MEX,2022,17927568
"Middle East, North Africa, Afghanistan and Pakistan (WB)",WB_MENAP,2000,122986674
"Middle East, North Africa, Afghanistan and Pakistan (WB)",WB_MENAP,2002,128048704
"Middle East, North Africa, Afghanistan and Pakistan (WB)",WB_MENAP,2004,130790927
"Middle East, North Africa, Afghanistan and Pakistan (WB)",WB_MENAP,2006,127926880
"Middle East, North Africa, Afghanistan and Pakistan (WB)",WB_MENAP,2008,129460939
"Middle East, North Africa, Afghanistan and Pakistan (WB)",WB_MENAP,2010,130645735
"Middle East, North Africa, Afghanistan and Pakistan (WB)",WB_MENAP,2012,130832785
"Middle East, North Africa, Afghanistan and Pakistan (WB)",WB_MENAP,2014,129213016
"Middle East, North Africa, Afghanistan and Pakistan (WB)",WB_MENAP,2016,131692895
"Middle East, North Africa, Afghanistan and Pakistan (WB)",WB_MENAP,2018,135336518
"Middle East, North Africa, Afghanistan and Pakistan (WB)",WB_MENAP,2020,140659536
"Middle East, North Africa, Afghanistan and Pakistan (WB)",WB_MENAP,2022,137626478
Moldova,MDA,2000,313259
Moldova,MDA,2002,273382
Moldova,MDA,2004,237613
Moldova,MDA,2006,203376
Moldova,MDA,2008,170553
Moldova,MDA,2010,138295
Moldova,MDA,2012,105831
Moldova,MDA,2014,73616
Moldova,MDA,2016,72404
Moldova,MDA,2018,70961
Monaco,MCO,2000,0
Monaco,MCO,2002,0
Monaco,MCO,2004,0
Monaco,MCO,2006,0
Monaco,MCO,2008,0
Monaco,MCO,2010,0
Monaco,MCO,2012,0
Monaco,MCO,2014,0
Monaco,MCO,2016,0
Monaco,MCO,2018,0
Monaco,MCO,2020,0
Monaco,MCO,2022,0
Mongolia,MNG,2000,780475
Mongolia,MNG,2002,763523
Mongolia,MNG,2004,757145
Mongolia,MNG,2006,748733
Mongolia,MNG,2008,732879
Mongolia,MNG,2010,701085
Mongolia,MNG,2012,651619
Mongolia,MNG,2014,600319
Mongolia,MNG,2016,542230
Mongolia,MNG,2018,475777
Mongolia,MNG,2020,405037
Mongolia,MNG,2022,428409
Montenegro,MNE,2000,68276
Montenegro,MNE,2002,71082
Montenegro,MNE,2004,70590
Montenegro,MNE,2006,67150
Montenegro,MNE,2008,63415
Montenegro,MNE,2010,59352
Montenegro,MNE,2012,54531
Montenegro,MNE,2014,50060
Montenegro,MNE,2016,45463
Montenegro,MNE,2018,40772
Montenegro,MNE,2020,35978
Montenegro,MNE,2022,35764
Morocco,MAR,2000,5049907
Morocco,MAR,2002,4807673
Morocco,MAR,2004,4541614
Morocco,MAR,2006,4269071
Morocco,MAR,2008,3972715
Morocco,MAR,2010,3638827
Morocco,MAR,2012,3256562
Morocco,MAR,2014,2813223
Morocco,MAR,2016,2316914
Morocco,MAR,2018,2394398
Morocco,MAR,2020,2464925
Morocco,MAR,2022,2532062
Mozambique,MOZ,2000,4776448
Mozambique,MOZ,2002,4853536
Mozambique,MOZ,2004,4921092
Mozambique,MOZ,2006,4989907
Mozambique,MOZ,2008,5070748
Mozambique,MOZ,2010,5168712
Mozambique,MOZ,2012,5279368
Mozambique,MOZ,2014,5387894
Mozambique,MOZ,2016,5487194
Mozambique,MOZ,2018,5597769
Mozambique,MOZ,2020,5736075
Mozambique,MOZ,2022,6291262
Myanmar,MMR,2000,3666292
Myanmar,MMR,2002,4203866
Myanmar,MMR,2004,4758516
Myanmar,MMR,2006,5324591
Myanmar,MMR,2008,5898181
Myanmar,MMR,2010,6492443
Myanmar,MMR,2012,7127800
Myanmar,MMR,2014,7784670
Myanmar,MMR,2016,8454853
Myanmar,MMR,2018,9137487
Myanmar,MMR,2020,9318799
Myanmar,MMR,2022,9496473
Namibia,NAM,2000,248571
Namibia,NAM,2002,269670
Namibia,NAM,2004,291641
Namibia,NAM,2006,315987
Namibia,NAM,2008,342148
Namibia,NAM,2010,368690
Namibia,NAM,2012,396650
Namibia,NAM,2014,430220
Namibia,NAM,2016,465894
Namibia,NAM,2018,506013
Namibia,NAM,2020,548444
Namibia,NAM,2022,592527
Nauru,NRU,2000,366
Nauru,NRU,2002,318
Nauru,NRU,2004,277
Nauru,NRU,2006,226
Nauru,NRU,2008,185
Nauru,NRU,2010,136
Nauru,NRU,2012,92
Nauru,NRU,2014,59
Nauru,NRU,2016,61
Nauru,NRU,2018,206
Nauru,NRU,2020,70
Nauru,NRU,2022,70
Nepal,NPL,2000,5062010
Nepal,NPL,2002,5627887
Nepal,NPL,2004,6552439
Nepal,NPL,2006,7579744
Nepal,NPL,2008,8408545
Nepal,NPL,2010,8791878
Nepal,NPL,2012,8581194
Nepal,NPL,2014,8230380
Nepal,NPL,2016,7880151
Nepal,NPL,2018,7443893
Nepal,NPL,2020,7713388
Nepal,NPL,2022,7891327
Netherlands,NLD,2000,0
Netherlands,NLD,2002,0
Netherlands,NLD,2004,0
Netherlands,NLD,2006,0
Netherlands,NLD,2008,0
Netherlands,NLD,2010,0
Netherlands,NLD,2012,0
Netherlands,NLD,2014,0
Netherlands,NLD,2016,0
Netherlands,NLD,2018,0
Netherlands,NLD,2020,0
Netherlands,NLD,2022,0
New Caledonia,NCL,2022,485
New Zealand,NZL,2000,0
New Zealand,NZL,2002,0
New Zealand,NZL,2004,0
New Zealand,NZL,2006,0
New Zealand,NZL,2008,0
New Zealand,NZL,2010,0
New Zealand,NZL,2012,0
New Zealand,NZL,2014,0
New Zealand,NZL,2016,0
New Zealand,NZL,2018,0
New Zealand,NZL,2020,0
New Zealand,NZL,2022,0
Nicaragua,NIC,2000,1985631
Nicaragua,NIC,2002,2009962
Nicaragua,NIC,2004,2031589
Nicaragua,NIC,2006,2061673
Nicaragua,NIC,2008,2115965
Nicaragua,NIC,2010,2191593
Nicaragua,NIC,2012,245027
Nicaragua,NIC,2014,223257
Nicaragua,NIC,2016,199506
Nicaragua,NIC,2018,206150
Nicaragua,NIC,2020,212689
Niger,NER,2000,1300321
Niger,NER,2002,1408263
Niger,NER,2004,1514052
Niger,NER,2006,1629728
Niger,NER,2008,1755094
Niger,NER,2010,1890276
Niger,NER,2012,2035617
Niger,NER,2014,2199002
Niger,NER,2016,2388303
Niger,NER,2018,2601624
Niger,NER,2020,2841657
Niger,NER,2022,3116319
Nigeria,NGA,2000,40534059
Nigeria,NGA,2002,42981758
Nigeria,NGA,2004,45506477
Nigeria,NGA,2006,48056421
Nigeria,NGA,2008,50526475
Nigeria,NGA,2010,53000674
Nigeria,NGA,2012,55442202
Nigeria,NGA,2014,57706887
Nigeria,NGA,2016,59681045
Nigeria,NGA,2018,61372693
Nigeria,NGA,2020,62646528
Nigeria,NGA,2022,66418876
North America (WB),WB_NA,2000,506563
North America (WB),WB_NA,2002,519616
North America (WB),WB_NA,2004,532118
North America (WB),WB_NA,2006,558071
North America (WB),WB_NA,2008,611078
North America (WB),WB_NA,2010,637143
North America (WB),WB_NA,2012,662242
North America (WB),WB_NA,2014,701908
North America (WB),WB_NA,2016,727770
North America (WB),WB_NA,2018,637543
North America (WB),WB_NA,2020,647264
North America (WB),WB_NA,2022,600506
North Korea,PRK,2022,3834880
North Macedonia,MKD,2000,15408
North Macedonia,MKD,2002,15199
North Macedonia,MKD,2004,15163
North Macedonia,MKD,2006,13274
North Macedonia,MKD,2008,11427
North Macedonia,MKD,2010,9050
North Macedonia,MKD,2012,7325
North Macedonia,MKD,2014,5638
North Macedonia,MKD,2016,3396
North Macedonia,MKD,2018,1705
North Macedonia,MKD,2020,1703
North Macedonia,MKD,2022,3154
Northern Mariana Islands,MNP,2022,85
Norway,NOR,2000,0
Norway,NOR,2002,0
Norway,NOR,2004,0
Norway,NOR,2006,0
Norway,NOR,2008,0
Norway,NOR,2010,0
Norway,NOR,2012,0
Norway,NOR,2014,0
Norway,NOR,2016,0
Norway,NOR,2018,0
Norway,NOR,2020,0
Norway,NOR,2022,0
Oman,OMN,2000,69387
Oman,OMN,2002,66843
Oman,OMN,2004,61077
Oman,OMN,2006,52795
Oman,OMN,2008,44587
Oman,OMN,2010,34195
Oman,OMN,2012,26989
Oman,OMN,2014,15387
Oman,OMN,2016,10242
Oman,OMN,2018,5446
Oman,OMN,2020,0
Oman,OMN,2022,0
Pakistan,PAK,2000,36406648
Pakistan,PAK,2002,37979916
Pakistan,PAK,2004,39402768
Pakistan,PAK,2006,40827818
Pakistan,PAK,2008,42508666
Pakistan,PAK,2010,44115750
Pakistan,PAK,2012,45395214
Pakistan,PAK,2014,46262270
Pakistan,PAK,2016,46983490
Pakistan,PAK,2018,47948864
Pakistan,PAK,2020,49337746
Pakistan,PAK,2022,52345381
Palau,PLW,2000,287
Palau,PLW,2002,275
Palau,PLW,2004,258
Palau,PLW,2006,230
Palau,PLW,2008,197
Palau,PLW,2010,156
Palau,PLW,2012,123
Palau,PLW,2014,93
Palau,PLW,2016,57
Palau,PLW,2018,43
Palau,PLW,2020,42
Palau,PLW,2022,87
Palestine,PSE,2002,696552
Palestine,PSE,2004,767009
Palestine,PSE,2006,809648
Palestine,PSE,2008,810819
Palestine,PSE,2010,802194
Palestine,PSE,2012,785750
Palestine,PSE,2014,761102
Palestine,PSE,2016,728123
Palestine,PSE,2018,762094
Palestine,PSE,2020,806202
Panama,PAN,2000,911679
Panama,PAN,2002,875102
Panama,PAN,2004,830215
Panama,PAN,2006,776310
Panama,PAN,2008,713062
Panama,PAN,2010,640513
Panama,PAN,2012,559717
Panama,PAN,2014,471170
Panama,PAN,2016,430803
Panama,PAN,2018,446408
Panama,PAN,2022,472152
Papua New Guinea,PNG,2000,144601
Papua New Guinea,PNG,2002,153890
Papua New Guinea,PNG,2004,163662
Papua New Guinea,PNG,2006,176995
Papua New Guinea,PNG,2008,191700
Papua New Guinea,PNG,2010,207438
Papua New Guinea,PNG,2012,224021
Papua New Guinea,PNG,2014,242322
Papua New Guinea,PNG,2016,263509
Papua New Guinea,PNG,2018,288563
Papua New Guinea,PNG,2020,317131
Papua New Guinea,PNG,2022,334815
Paraguay,PRY,2000,1232958
Paraguay,PRY,2002,1197372
Paraguay,PRY,2004,1140486
Paraguay,PRY,2006,1073380
Paraguay,PRY,2008,998998
Paraguay,PRY,2010,923410
Paraguay,PRY,2012,849620
Paraguay,PRY,2014,775586
Paraguay,PRY,2016,700273
Paraguay,PRY,2018,618476
Paraguay,PRY,2020,659290
Paraguay,PRY,2022,700694
Peru,PER,2000,9177404
Peru,PER,2002,9144987
Peru,PER,2004,9055943
Peru,PER,2006,8926723
Peru,PER,2008,8766064
Peru,PER,2010,8593111
Peru,PER,2012,10710113
Peru,PER,2014,11335629
Peru,PER,2016,11525615
Peru,PER,2018,11662230
Peru,PER,2020,11995060
Peru,PER,2022,12725274
Philippines,PHL,2000,15573830
Philippines,PHL,2002,16119792
Philippines,PHL,2004,16644558
Philippines,PHL,2006,17131868
Philippines,PHL,2008,17741478
Philippines,PHL,2010,18832024
Philippines,PHL,2012,19938744
Philippines,PHL,2014,20920962
Philippines,PHL,2016,21456671
Philippines,PHL,2018,21736374
Philippines,PHL,2020,22205441
Philippines,PHL,2022,22400202
Poland,POL,2000,496086
Poland,POL,2002,424987
Poland,POL,2004,364892
Poland,POL,2006,292829
Poland,POL,2008,198090
Poland,POL,2010,127314
Poland,POL,2012,57698
Poland,POL,2014,11486
Poland,POL,2016,1029297
Poland,POL,2018,980619
Poland,POL,2020,831098
Poland,POL,2022,929258
Portugal,PRT,2000,69978
Portugal,PRT,2002,63943
Portugal,PRT,2004,57186
Portugal,PRT,2006,46588
Portugal,PRT,2008,35046
Portugal,PRT,2010,25832
Portugal,PRT,2012,16072
Portugal,PRT,2014,9539
Portugal,PRT,2016,6312
Portugal,PRT,2018,3143
Portugal,PRT,2020,3146
Portugal,PRT,2022,3761
Qatar,QAT,2012,0
Qatar,QAT,2014,0
Qatar,QAT,2016,0
Qatar,QAT,2018,0
Qatar,QAT,2020,0
Qatar,QAT,2022,0
Romania,ROU,2000,0
Romania,ROU,2002,418367
Romania,ROU,2004,414338
Romania,ROU,2006,395048
Romania,ROU,2008,357969
Romania,ROU,2010,321958
Romania,ROU,2012,286798
Romania,ROU,2014,257192
Romania,ROU,2016,221573
Romania,ROU,2018,191463
Romania,ROU,2020,157105
Romania,ROU,2022,250434
Russia,RUS,2000,3914465
Russia,RUS,2002,3780727
Russia,RUS,2004,3696379
Russia,RUS,2006,3509968
Russia,RUS,2008,3461380
Russia,RUS,2010,3367574
Russia,RUS,2012,3340917
Russia,RUS,2014,3209753
Russia,RUS,2016,3127605
Russia,RUS,2018,3089001
Russia,RUS,2020,2983428
Russia,RUS,2022,2827537
Rwanda,RWA,2000,925749
Rwanda,RWA,2002,963225
Rwanda,RWA,2004,960571
Rwanda,RWA,2006,958922
Rwanda,RWA,2008,953623
Rwanda,RWA,2010,943258
Rwanda,RWA,2012,927134
Rwanda,RWA,2014,935900
Rwanda,RWA,2016,993033
Rwanda,RWA,2018,1078474
Rwanda,RWA,2020,1227758
Rwanda,RWA,2022,1454336
Saint Lucia,LCA,2000,2143
Saint Lucia,LCA,2002,2112
Saint Lucia,LCA,2004,1836
Saint Lucia,LCA,2006,1443
Saint Lucia,LCA,2008,1121
Saint Lucia,LCA,2010,870
Saint Lucia,LCA,2012,707
Saint Lucia,LCA,2014,540
Saint Lucia,LCA,2016,384
Saint Lucia,LCA,2018,183
Saint Lucia,LCA,2020,207
Saint Lucia,LCA,2022,229
Saint Vincent and the Grenadines,VCT,2022,1338
Samoa,WSM,2000,1815
Samoa,WSM,2002,1842
Samoa,WSM,2004,1824
Samoa,WSM,2006,1534
Samoa,WSM,2008,1241
Samoa,WSM,2010,976
Samoa,WSM,2012,708
Samoa,WSM,2014,444
Samoa,WSM,2016,195
Samoa,WSM,2018,97
Samoa,WSM,2020,96
Samoa,WSM,2022,13029
Sao Tome and Principe,STP,2004,56043
Sao Tome and Principe,STP,2006,62011
Sao Tome and Principe,STP,2008,67041
Sao Tome and Principe,STP,2010,70205
Sao Tome and Principe,STP,2012,71774
Sao Tome and Principe,STP,2014,72238
Sao Tome and Principe,STP,2016,72403
Sao Tome and Principe,STP,2018,74940
Sao Tome and Principe,STP,2020,77822
Sao Tome and Principe,STP,2022,127486
Saudi Arabia,SAU,2022,148888
Senegal,SEN,2000,2722302
Senegal,SEN,2002,2736363
Senegal,SEN,2004,2743219
Senegal,SEN,2006,2741776
Senegal,SEN,2008,2734147
Senegal,SEN,2010,2722676
Senegal,SEN,2012,2716478
Senegal,SEN,2014,2727950
Senegal,SEN,2016,2738900
Senegal,SEN,2018,2736215
Senegal,SEN,2020,2709152
Senegal,SEN,2022,4378182
Serbia,SRB,2000,27160
Serbia,SRB,2002,27526
Serbia,SRB,2004,25665
Serbia,SRB,2006,25868
Serbia,SRB,2008,23809
Serbia,SRB,2010,21638
Serbia,SRB,2012,21369
Serbia,SRB,2014,19217
Serbia,SRB,2016,19180
Serbia,SRB,2018,16994
Serbia,SRB,2020,14784
Serbia,SRB,2022,58378
Seychelles,SYC,2000,27019
Seychelles,SYC,2002,26974
Seychelles,SYC,2004,25615
Seychelles,SYC,2006,25301
Seychelles,SYC,2008,25026
Seychelles,SYC,2010,24823
Seychelles,SYC,2012,23455
Seychelles,SYC,2014,23352
Seychelles,SYC,2016,23293
Seychelles,SYC,2018,22588
Seychelles,SYC,2020,22651
Seychelles,SYC,2022,26212
Sierra Leone,SLE,2000,1161584
Sierra Leone,SLE,2002,1322905
Sierra Leone,SLE,2004,1420094
Sierra Leone,SLE,2006,1459470
Sierra Leone,SLE,2008,1497378
Sierra Leone,SLE,2010,1546969
Sierra Leone,SLE,2012,1592496
Sierra Leone,SLE,2014,1632205
Sierra Leone,SLE,2016,1667219
Sierra Leone,SLE,2018,1701947
Sierra Leone,SLE,2020,1731735
Sierra Leone,SLE,2022,1805506
Singapore,SGP,2000,0
Singapore,SGP,2002,0
Singapore,SGP,2004,0
Singapore,SGP,2006,0
Singapore,SGP,2008,0
Singapore,SGP,2010,0
Singapore,SGP,2012,0
Singapore,SGP,2014,0
Singapore,SGP,2016,0
Singapore,SGP,2018,0
Singapore,SGP,2020,0
Singapore,SGP,2022,0
Sint Maarten (Dutch part),SXM,2022,1217
Slovakia,SVK,2000,1512
Slovakia,SVK,2002,1502
Slovakia,SVK,2004,1493
Slovakia,SVK,2006,1484
Slovakia,SVK,2008,1476
Slovakia,SVK,2010,1471
Slovakia,SVK,2012,1468
Slovakia,SVK,2014,1463
Slovakia,SVK,2016,1459
Slovakia,SVK,2018,1457
Slovakia,SVK,2020,1453
Slovakia,SVK,2022,1907
Slovenia,SVN,2022,6161
Solomon Islands,SLB,2000,7216
Solomon Islands,SLB,2002,7807
Solomon Islands,SLB,2004,8476
Solomon Islands,SLB,2006,7943
Solomon Islands,SLB,2008,7264
Solomon Islands,SLB,2010,6487
Solomon Islands,SLB,2012,5644
Solomon Islands,SLB,2014,4443
Solomon Islands,SLB,2016,3246
Solomon Islands,SLB,2018,3636
Solomon Islands,SLB,2020,4070
Solomon Islands,SLB,2022,4470
Somalia,SOM,2000,2242313
Somalia,SOM,2002,2426611
Somalia,SOM,2004,2600823
Somalia,SOM,2006,2761503
Somalia,SOM,2008,2922605
Somalia,SOM,2010,3065837
Somalia,SOM,2012,3119927
Somalia,SOM,2014,3363104
Somalia,SOM,2016,3747191
Somalia,SOM,2018,4201965
Somalia,SOM,2020,4521897
Somalia,SOM,2022,4636941
South Africa,ZAF,2000,7325294
South Africa,ZAF,2002,7540744
South Africa,ZAF,2004,7773262
South Africa,ZAF,2006,8009705
South Africa,ZAF,2008,8236274
South Africa,ZAF,2010,8427042
South Africa,ZAF,2012,8575537
South Africa,ZAF,2014,8755264
South Africa,ZAF,2016,8899422
South Africa,ZAF,2018,8982997
South Africa,ZAF,2020,9297434
South Africa,ZAF,2022,9582169
South Asia (WB),WB_SA,2018,60898421
South Asia (WB),WB_SA,2019,29431012
South Korea,KOR,2006,5057204
South Korea,KOR,2010,3777545
South Korea,KOR,2014,1949374
South Korea,KOR,2016,2422727
South Korea,KOR,2018,2854717
South Korea,KOR,2020,2356399
South Korea,KOR,2022,1887244
South Sudan,SSD,2002,1082849
South Sudan,SSD,2004,1209610
South Sudan,SSD,2006,1349396
South Sudan,SSD,2008,1498739
South Sudan,SSD,2010,1657808
South Sudan,SSD,2012,1827123
South Sudan,SSD,2014,1962795
South Sudan,SSD,2016,1946222
South Sudan,SSD,2018,1871449
South Sudan,SSD,2020,2034886
South Sudan,SSD,2022,2156872
Spain,ESP,2014,18380
Spain,ESP,2016,18435
Spain,ESP,2022,17587
Sri Lanka,LKA,2000,1624693
Sri Lanka,LKA,2002,1643441
Sri Lanka,LKA,2004,1676798
Sri Lanka,LKA,2006,1741742
Sri Lanka,LKA,2008,1829107
Sri Lanka,LKA,2010,1933852
Sri Lanka,LKA,2012,2046779
Sri Lanka,LKA,2014,2018787
Sri Lanka,LKA,2016,2070132
Sri Lanka,LKA,2018,2121620
Sri Lanka,LKA,2020,2173235
Sri Lanka,LKA,2022,1981323
Sub-Saharan Africa (WB),WB_SSA,2000,139310216
Sub-Saharan Africa (WB),WB_SSA,2002,157177486
Sub-Saharan Africa (WB),WB_SSA,2004,166270065
Sub-Saharan Africa (WB),WB_SSA,2006,176431782
Sub-Saharan Africa (WB),WB_SSA,2008,186408659
Sub-Saharan Africa (WB),WB_SSA,2010,196285356
Sub-Saharan Africa (WB),WB_SSA,2012,206219012
Sub-Saharan Africa (WB),WB_SSA,2014,216631197
Sub-Saharan Africa (WB),WB_SSA,2016,226960900
Sub-Saharan Africa (WB),WB_SSA,2018,239054407
Sub-Saharan Africa (WB),WB_SSA,2020,251566269
Sub-Saharan Africa (WB),WB_SSA,2022,284837379
Sudan,SDN,2000,1958056
Sudan,SDN,2002,9386001
Sudan,SDN,2004,9825164
Sudan,SDN,2006,10293334
Sudan,SDN,2008,10266680
Sudan,SDN,2010,10302673
Sudan,SDN,2012,10258919
Sudan,SDN,2014,10322095
Sudan,SDN,2016,10390951
Sudan,SDN,2018,11207844
Sudan,SDN,2020,11917362
Sudan,SDN,2022,12636885
Suriname,SUR,2000,23623
Suriname,SUR,2002,27394
Suriname,SUR,2004,31228
Suriname,SUR,2006,34810
Suriname,SUR,2008,38552
Suriname,SUR,2010,42435
Suriname,SUR,2012,46459
Suriname,SUR,2014,50638
Suriname,SUR,2016,54917
Suriname,SUR,2018,59269
Suriname,SUR,2020,63862
Suriname,SUR,2022,64885
Sweden,SWE,2000,22368
Sweden,SWE,2002,18772
Sweden,SWE,2004,18946
Sweden,SWE,2006,19172
Sweden,SWE,2008,15628
Sweden,SWE,2010,11976
Sweden,SWE,2012,12226
Sweden,SWE,2014,12545
Sweden,SWE,2016,8633
Sweden,SWE,2018,8901
Sweden,SWE,2020,9105
Sweden,SWE,2022,31169
Switzerland,CHE,2000,0
Switzerland,CHE,2002,0
Switzerland,CHE,2004,0
Switzerland,CHE,2006,0
Switzerland,CHE,2008,0
Switzerland,CHE,2010,0
Switzerland,CHE,2012,0
Switzerland,CHE,2014,0
Switzerland,CHE,2016,0
Switzerland,CHE,2018,0
Switzerland,CHE,2020,0
Switzerland,CHE,2022,0
Syria,SYR,2000,2649967
Syria,SYR,2002,2951720
Syria,SYR,2004,3071187
Syria,SYR,2006,3231119
Syria,SYR,2008,3369996
Syria,SYR,2010,3380651
Syria,SYR,2012,3767901
Syria,SYR,2014,3717856
Syria,SYR,2016,3450346
Syria,SYR,2018,3651215
Syria,SYR,2020,3952087
Syria,SYR,2022,6707758
Tajikistan,TJK,2016,1169
Tanzania,TZA,2000,6184051
Tanzania,TZA,2002,6411475
Tanzania,TZA,2004,6682787
Tanzania,TZA,2006,7009396
Tanzania,TZA,2008,7331601
Tanzania,TZA,2010,7577331
Tanzania,TZA,2012,7792587
Tanzania,TZA,2014,7950175
Tanzania,TZA,2016,8079471
Tanzania,TZA,2018,8109787
Tanzania,TZA,2020,8438619
Tanzania,TZA,2022,15793780
Thailand,THA,2019,800000
Togo,TGO,2000,1178543
Togo,TGO,2002,1215308
Togo,TGO,2004,1248252
Togo,TGO,2006,1281061
Togo,TGO,2008,1315214
Togo,TGO,2010,1341452
Togo,TGO,2012,1358907
Togo,TGO,2014,1367016
Togo,TGO,2016,1366916
Togo,TGO,2018,1357664
Togo,TGO,2020,1397827
Togo,TGO,2022,1493937
Tonga,TON,2000,426
Tonga,TON,2002,431
Tonga,TON,2004,437
Tonga,TON,2006,406
Tonga,TON,2008,361
Tonga,TON,2010,314
Tonga,TON,2012,277
Tonga,TON,2014,236
Tonga,TON,2016,183
Tonga,TON,2018,144
Tonga,TON,2020,81
Tonga,TON,2022,68
Trinidad and Tobago,TTO,2000,81638
Trinidad and Tobago,TTO,2002,82249
Trinidad and Tobago,TTO,2004,82689
Trinidad and Tobago,TTO,2006,73624
Trinidad and Tobago,TTO,2008,67971
Trinidad and Tobago,TTO,2010,62152
Trinidad and Tobago,TTO,2012,57169
Trinidad and Tobago,TTO,2014,54412
Trinidad and Tobago,TTO,2016,54759
Trinidad and Tobago,TTO,2022,63567
Tunisia,TUN,2006,705023
Tunisia,TUN,2008,724388
Tunisia,TUN,2010,727656
Tunisia,TUN,2012,713609
Tunisia,TUN,2014,698451
Tunisia,TUN,2016,678225
Tunisia,TUN,2018,656759
Tunisia,TUN,2020,632428
Tunisia,TUN,2022,645685
Turkey,TUR,2000,9484002
Turkey,TUR,2002,9442914
Turkey,TUR,2004,9333726
Turkey,TUR,2006,9185853
Turkey,TUR,2008,8981694
Turkey,TUR,2010,8932744
Turkey,TUR,2012,8994664
Turkey,TUR,2014,9564769
Turkey,TUR,2016,9866459
Turkey,TUR,2018,10138751
Turkey,TUR,2020,10475112
Turkey,TUR,2022,10688453
Turkmenistan,TKM,2000,221698
Turkmenistan,TKM,2002,233332
Turkmenistan,TKM,2004,243490
Turkmenistan,TKM,2006,247116
Turkmenistan,TKM,2008,250681
Turkmenistan,TKM,2010,254724
Turkmenistan,TKM,2012,259324
Turkmenistan,TKM,2014,264294
Turkmenistan,TKM,2016,269362
Turkmenistan,TKM,2018,274163
Turkmenistan,TKM,2020,278185
Turkmenistan,TKM,2022,285196
Turks and Caicos Islands,TCA,2022,271
Tuvalu,TUV,2000,95
Tuvalu,TUV,2002,191
Tuvalu,TUV,2004,202
Tuvalu,TUV,2006,191
Tuvalu,TUV,2008,139
Tuvalu,TUV,2010,85
Tuvalu,TUV,2012,22
Tuvalu,TUV,2014,77
Tuvalu,TUV,2016,72
Tuvalu,TUV,2018,65
Tuvalu,TUV,2020,57
Tuvalu,TUV,2022,3220
Uganda,UGA,2000,2260356
Uganda,UGA,2002,2436878
Uganda,UGA,2004,2691083
Uganda,UGA,2006,3058792
Uganda,UGA,2008,3536167
Uganda,UGA,2010,4107549
Uganda,UGA,2012,4753127
Uganda,UGA,2014,5466343
Uganda,UGA,2016,5920929
Uganda,UGA,2018,6393610
Uganda,UGA,2020,6853092
Uganda,UGA,2022,7458797
Ukraine,UKR,2000,1670155
Ukraine,UKR,2002,1637194
Ukraine,UKR,2004,1491907
Ukraine,UKR,2006,1254372
Ukraine,UKR,2008,1024407
Ukraine,UKR,2010,797155
Ukraine,UKR,2012,572467
Ukraine,UKR,2014,349211
Ukraine,UKR,2016,347287
Ukraine,UKR,2018,344706
United Arab Emirates,ARE,2000,19459
United Arab Emirates,ARE,2002,30174
United Arab Emirates,ARE,2004,34280
United Arab Emirates,ARE,2006,39287
United Arab Emirates,ARE,2008,41832
United Arab Emirates,ARE,2010,37229
United Arab Emirates,ARE,2012,30957
United Arab Emirates,ARE,2014,27126
United Arab Emirates,ARE,2016,18877
United Arab Emirates,ARE,2018,7932
United Arab Emirates,ARE,2020,18141
United Arab Emirates,ARE,2022,9757
United Kingdom,GBR,2000,47010
United Kingdom,GBR,2002,47564
United Kingdom,GBR,2004,48196
United Kingdom,GBR,2006,49010
United Kingdom,GBR,2008,49912
United Kingdom,GBR,2010,50838
United Kingdom,GBR,2012,51791
United Kingdom,GBR,2014,52753
United Kingdom,GBR,2016,53813
United Kingdom,GBR,2018,54653
United Kingdom,GBR,2020,55331
United Kingdom,GBR,2022,91264
United States,USA,2000,446235
United States,USA,2002,457589
United States,USA,2004,468466
United States,USA,2006,479624
United States,USA,2008,490333
United States,USA,2010,499335
United States,USA,2012,507241
United States,USA,2014,514798
United States,USA,2016,522194
United States,USA,2018,395618
United States,USA,2020,397881
United States,USA,2022,249091
United States Virgin Islands,VIR,2022,1100
Upper-middle-income countries,OWID_UMC,2022,457599847
Uruguay,URY,2000,706567
Uruguay,URY,2002,710950
Uruguay,URY,2004,713577
Uruguay,URY,2006,606936
Uruguay,URY,2008,500715
Uruguay,URY,2010,391271
Uruguay,URY,2012,277279
Uruguay,URY,2014,160912
Uruguay,URY,2016,41804
Uruguay,URY,2018,42052
Uruguay,URY,2020,42154
Uruguay,URY,2022,42097
Uzbekistan,UZB,2000,3480719
Uzbekistan,UZB,2002,3344452
Uzbekistan,UZB,2004,3155416
Uzbekistan,UZB,2006,2911104
Uzbekistan,UZB,2008,2622163
Uzbekistan,UZB,2010,2277419
Uzbekistan,UZB,2012,1928076
Uzbekistan,UZB,2014,1545822
Uzbekistan,UZB,2016,1155717
Uzbekistan,UZB,2018,877654
Uzbekistan,UZB,2020,771922
Uzbekistan,UZB,2022,1264761
Vanuatu,VUT,2000,1836
Vanuatu,VUT,2002,1979
Vanuatu,VUT,2004,2127
Vanuatu,VUT,2006,2238
Vanuatu,VUT,2008,2362
Vanuatu,VUT,2010,2505
Vanuatu,VUT,2012,2563
Vanuatu,VUT,2014,2587
Vanuatu,VUT,2016,2774
Vanuatu,VUT,2018,2874
Vanuatu,VUT,2020,2781
Vanuatu,VUT,2022,2135
Venezuela,VEN,2000,6019536
Venezuela,VEN,2002,5941344
Venezuela,VEN,2004,5996748
Venezuela,VEN,2006,6205208
Venezuela,VEN,2022,6468623
Vietnam,VNM,2000,8519676
Vietnam,VNM,2002,8126860
Vietnam,VNM,2004,7628761
Vietnam,VNM,2006,7025204
Vietnam,VNM,2008,6356783
Vietnam,VNM,2010,5449177
Vietnam,VNM,2012,4360741
Vietnam,VNM,2014,3136887
Vietnam,VNM,2016,1780350
Vietnam,VNM,2018,1883396
Vietnam,VNM,2020,2011602
Vietnam,VNM,2022,12164081
World,OWID_WRL,2018,843969612
World,OWID_WRL,2022,1059202858
Yemen,YEM,2000,3331695
Yemen,YEM,2002,3515922
Yemen,YEM,2004,3681782
Yemen,YEM,2006,3851160
Yemen,YEM,2008,4012630
Yemen,YEM,2010,4154258
Yemen,YEM,2012,4266021
Yemen,YEM,2014,4378346
Yemen,YEM,2016,4676494
Yemen,YEM,2018,5154050
Yemen,YEM,2020,5702273
Yemen,YEM,2022,6136531
Zambia,ZMB,2000,2292212
Zambia,ZMB,2002,2390190
Zambia,ZMB,2004,2532063
Zambia,ZMB,2006,2713751
Zambia,ZMB,2008,2921012
Zambia,ZMB,2010,3126034
Zambia,ZMB,2012,3311842
Zambia,ZMB,2014,3495976
Zambia,ZMB,2016,3678794
Zambia,ZMB,2018,3859672
Zambia,ZMB,2020,4034524
Zambia,ZMB,2022,4337430
Zimbabwe,ZWE,2000,1060393
Zimbabwe,ZWE,2002,1059856
Zimbabwe,ZWE,2004,1062384
Zimbabwe,ZWE,2006,1062261
Zimbabwe,ZWE,2008,1065073
Zimbabwe,ZWE,2010,1072957
Zimbabwe,ZWE,2012,1085235
Zimbabwe,ZWE,2014,1100350
Zimbabwe,ZWE,2016,1132432
Zimbabwe,ZWE,2018,1179873
Zimbabwe,ZWE,2020,1239410
Zimbabwe,ZWE,2022,3413490